タイトル,プラットフォーム,配信開始日時,制作会社,URL
おでかけ子ザメ シーズン2,dアニメストア,2026-02-25 00:00,ENGI,https://odekake-kozame.com/
おでかけ子ザメ シーズン2,ABEMA,2026-02-25 00:00,ENGI,https://odekake-kozame.com/
おでかけ子ザメ シーズン2,U-NEXT,2026-02-25 00:00,ENGI,https://odekake-kozame.com/
大きい女の子は好きですか？,AnimeFesta,2026-04-05 01:05,studio HōKIBOSHI,https://ookii-onnanoko.af-original.com/
ガンバレ！中村くん！！,Hulu,2026-04-01 00:30,ドライブ,https://nakamura-kun.love/
ガンバレ！中村くん！！,dアニメストア,2026-04-01 00:30,ドライブ,https://nakamura-kun.love/
ガンバレ！中村くん！！,Prime Video,2026-04-01 00:30,ドライブ,https://nakamura-kun.love/
ガンバレ！中村くん！！,DMM TV,2026-04-01 00:30,ドライブ,https://nakamura-kun.love/
ガンバレ！中村くん！！,AnimeFesta,2026-04-01 00:30,ドライブ,https://nakamura-kun.love/
ガンバレ！中村くん！！,バンダイチャンネル,2026-04-01 00:30,ドライブ,https://nakamura-kun.love/
日本三國,Prime Video,2026-04-05 21:00,スタジオカフカ,https://www.nipponsangoku.com/
日本三國,U-NEXT,2026-04-05 21:00,スタジオカフカ,https://www.nipponsangoku.com/
リィンカーネーションの花弁,dアニメストア,2026-04-02 01:30,BENTEN Film,https://petals-of-reincarnation-anime.com/
リィンカーネーションの花弁,Prime Video,2026-04-02 01:30,BENTEN Film,https://petals-of-reincarnation-anime.com/
リィンカーネーションの花弁,ABEMA,2026-04-07 01:30,BENTEN Film,https://petals-of-reincarnation-anime.com/
リィンカーネーションの花弁,AnimeFesta,2026-04-07 01:30,BENTEN Film,https://petals-of-reincarnation-anime.com/
リィンカーネーションの花弁,バンダイチャンネル,2026-04-07 01:30,BENTEN Film,https://petals-of-reincarnation-anime.com/
リィンカーネーションの花弁,DMM TV,2026-04-07 01:30,BENTEN Film,https://petals-of-reincarnation-anime.com/
リィンカーネーションの花弁,FOD,2026-04-07 01:30,BENTEN Film,https://petals-of-reincarnation-anime.com/
リィンカーネーションの花弁,U-NEXT,2026-04-07 01:30,BENTEN Film,https://petals-of-reincarnation-anime.com/
メイドさんは食べるだけ,dアニメストア,2026-04-01 22:00,EMTスクエアード,https://meitabe-anime.com/
メイドさんは食べるだけ,ABEMA,2026-04-01 22:00,EMTスクエアード,https://meitabe-anime.com/
メイドさんは食べるだけ,U-NEXT,2026-04-01 22:00,EMTスクエアード,https://meitabe-anime.com/
メイドさんは食べるだけ,アニメ放題,2026-04-01 22:00,EMTスクエアード,https://meitabe-anime.com/
メイドさんは食べるだけ,DMM TV,2026-04-05 22:00,EMTスクエアード,https://meitabe-anime.com/
メイドさんは食べるだけ,Hulu,2026-04-05 22:00,EMTスクエアード,https://meitabe-anime.com/
北斗の拳 -FIST OF THE NORTH STAR-,Prime Video,2026-04-10 01:00,トムス・エンタテインメント,https://hokuto-anime.com/
氷の城壁,U-NEXT,2026-04-03 00:00,スタジオKAI,https://korinojoheki-pr.com/
氷の城壁,Netflix,2026-04-03 06:00,スタジオKAI,https://korinojoheki-pr.com/
氷の城壁,バンダイチャンネル,2026-04-10 00:00,スタジオKAI,https://korinojoheki-pr.com/
氷の城壁,ABEMA,2026-04-10 00:30,スタジオKAI,https://korinojoheki-pr.com/
氷の城壁,Prime Video,2026-04-10 00:30,スタジオKAI,https://korinojoheki-pr.com/
氷の城壁,Disney+（ディズニープラス）,2026-04-10 00:30,スタジオKAI,https://korinojoheki-pr.com/
氷の城壁,DMM TV,2026-04-10 00:30,スタジオKAI,https://korinojoheki-pr.com/
氷の城壁,dアニメストア,2026-04-10 00:30,スタジオKAI,https://korinojoheki-pr.com/
氷の城壁,dアニメストア for Prime Video,2026-04-10 00:30,スタジオKAI,https://korinojoheki-pr.com/
氷の城壁,FOD,2026-04-10 00:30,スタジオKAI,https://korinojoheki-pr.com/
氷の城壁,Hulu,2026-04-10 00:30,スタジオKAI,https://korinojoheki-pr.com/
氷の城壁,Lemino,2026-04-10 00:30,スタジオKAI,https://korinojoheki-pr.com/
氷の城壁,アニメタイムズ,2026-04-10 00:30,スタジオKAI,https://korinojoheki-pr.com/
氷の城壁,アニメ放題,2026-04-10 00:30,スタジオKAI,https://korinojoheki-pr.com/
あかね噺,ABEMA,2026-04-05 00:00,ZEXCS,https://akane-banashi.com/
あかね噺,Netflix,2026-04-05 00:00,ZEXCS,https://akane-banashi.com/
あかね噺,Prime Video,2026-04-06 00:00,ZEXCS,https://akane-banashi.com/
あかね噺,U-NEXT,2026-04-06 00:00,ZEXCS,https://akane-banashi.com/
あかね噺,DMM TV,2026-04-06 00:00,ZEXCS,https://akane-banashi.com/
スノウボールアース,バンダイチャンネル,2026-04-03 23:30,スタジオKAI,https://snowballearth.net/
スノウボールアース,ABEMA,2026-04-04 00:00,スタジオKAI,https://snowballearth.net/
スノウボールアース,Prime Video,2026-04-04 00:00,スタジオKAI,https://snowballearth.net/
スノウボールアース,DMM TV,2026-04-04 00:00,スタジオKAI,https://snowballearth.net/
スノウボールアース,dアニメストア,2026-04-04 00:00,スタジオKAI,https://snowballearth.net/
スノウボールアース,U-NEXT,2026-04-04 00:00,スタジオKAI,https://snowballearth.net/
スノウボールアース,アニメタイムズ,2026-04-04 00:00,スタジオKAI,https://snowballearth.net/
スノウボールアース,アニメ放題,2026-04-04 00:00,スタジオKAI,https://snowballearth.net/
春夏秋冬代行者 春の舞,ABEMA,2026-03-28 00:00,WIT STUDIO,https://4seasons-anime.com/
春夏秋冬代行者 春の舞,dアニメストア,2026-03-28 00:00,WIT STUDIO,https://4seasons-anime.com/
春夏秋冬代行者 春の舞,Prime Video,2026-03-28 00:00,WIT STUDIO,https://4seasons-anime.com/
春夏秋冬代行者 春の舞,dアニメストア for Prime Video,2026-03-28 00:00,WIT STUDIO,https://4seasons-anime.com/
春夏秋冬代行者 春の舞,U-NEXT,2026-03-28 00:00,WIT STUDIO,https://4seasons-anime.com/
春夏秋冬代行者 春の舞,アニメタイムズ,2026-03-28 03:08,WIT STUDIO,https://4seasons-anime.com/
春夏秋冬代行者 春の舞,AnimeFesta,2026-03-28 03:08,WIT STUDIO,https://4seasons-anime.com/
春夏秋冬代行者 春の舞,Lemino,2026-03-28 03:08,WIT STUDIO,https://4seasons-anime.com/
自動販売機に生まれ変わった俺は迷宮を彷徨う 3rd season,dアニメストア,2026-04-01 22:00,Studio五組,https://jihanki-anime.com/
自動販売機に生まれ変わった俺は迷宮を彷徨う 3rd season,U-NEXT,2026-04-01 22:00,Studio五組,https://jihanki-anime.com/
自動販売機に生まれ変わった俺は迷宮を彷徨う 3rd season,アニメ放題,2026-04-01 22:00,Studio五組,https://jihanki-anime.com/
自動販売機に生まれ変わった俺は迷宮を彷徨う 3rd season,ABEMA,2026-04-01 23:00,Studio五組,https://jihanki-anime.com/
自動販売機に生まれ変わった俺は迷宮を彷徨う 3rd season,AnimeFesta,2026-04-06 23:00,Studio五組,https://jihanki-anime.com/
自動販売機に生まれ変わった俺は迷宮を彷徨う 3rd season,DMM TV,2026-04-06 23:00,Studio五組,https://jihanki-anime.com/
自動販売機に生まれ変わった俺は迷宮を彷徨う 3rd season,Hulu,2026-04-06 23:00,Studio五組,https://jihanki-anime.com/
自動販売機に生まれ変わった俺は迷宮を彷徨う 3rd season,Lemino,2026-04-06 23:00,Studio五組,https://jihanki-anime.com/
自動販売機に生まれ変わった俺は迷宮を彷徨う 3rd season,Prime Video,2026-04-06 23:00,Studio五組,https://jihanki-anime.com/
自動販売機に生まれ変わった俺は迷宮を彷徨う 3rd season,バンダイチャンネル,2026-04-06 23:00,Studio五組,https://jihanki-anime.com/
ようこそ実力至上主義の教室へ 4th Season 2年生編1学期,ABEMA,2026-04-01 22:00,Lerche,https://you-zitsu.com/
ようこそ実力至上主義の教室へ 4th Season 2年生編1学期,dアニメストア,2026-04-01 22:00,Lerche,https://you-zitsu.com/
ようこそ実力至上主義の教室へ 4th Season 2年生編1学期,Netflix,2026-04-01 22:00,Lerche,https://you-zitsu.com/
魔物喰らいの冒険者～俺だけ魔物を喰らって強くなる～,dアニメストア,2026-04-02 01:15,IMAGICA Infos,https://animationid.com/mamonogurai/
魔物喰らいの冒険者～俺だけ魔物を喰らって強くなる～,アニメタイムズ,2026-04-02 01:15,IMAGICA Infos,https://animationid.com/mamonogurai/
魔物喰らいの冒険者～俺だけ魔物を喰らって強くなる～,DMM TV,2026-04-02 01:15,IMAGICA Infos,https://animationid.com/mamonogurai/
魔物喰らいの冒険者～俺だけ魔物を喰らって強くなる～,Hulu,2026-04-02 01:15,IMAGICA Infos,https://animationid.com/mamonogurai/
魔物喰らいの冒険者～俺だけ魔物を喰らって強くなる～,ABEMA,2026-04-05 01:15,IMAGICA Infos,https://animationid.com/mamonogurai/
灰原くんの強くて青春ニューゲーム,U-NEXT,2026-04-02 02:00,スタジオコメット,https://haibarakun-anime.com/
灰原くんの強くて青春ニューゲーム,アニメ放題,2026-04-02 02:00,スタジオコメット,https://haibarakun-anime.com/
灰原くんの強くて青春ニューゲーム,dアニメストア,2026-04-02 08:30,スタジオコメット,https://haibarakun-anime.com/
灰原くんの強くて青春ニューゲーム,ABEMA,2026-04-05 02:00,スタジオコメット,https://haibarakun-anime.com/
灰原くんの強くて青春ニューゲーム,DMM TV,2026-04-05 02:00,スタジオコメット,https://haibarakun-anime.com/
灰原くんの強くて青春ニューゲーム,FOD,2026-04-05 02:00,スタジオコメット,https://haibarakun-anime.com/
灰原くんの強くて青春ニューゲーム,バンダイチャンネル,2026-04-05 02:00,スタジオコメット,https://haibarakun-anime.com/
灰原くんの強くて青春ニューゲーム,Prime Video,2026-04-05 02:00,スタジオコメット,https://haibarakun-anime.com/
また殺されてしまったのですね、探偵様,dアニメストア,2026-04-02 11:30,ライデンフィルム,https://www.tbs.co.jp/anime/matakoro/
また殺されてしまったのですね、探偵様,U-NEXT,2026-04-02 11:30,ライデンフィルム,https://www.tbs.co.jp/anime/matakoro/
また殺されてしまったのですね、探偵様,アニメ放題,2026-04-03 02:30,ライデンフィルム,https://www.tbs.co.jp/anime/matakoro/
また殺されてしまったのですね、探偵様,ABEMA,2026-04-07 00:00,ライデンフィルム,https://www.tbs.co.jp/anime/matakoro/
また殺されてしまったのですね、探偵様,Prime Video,2026-04-07 00:00,ライデンフィルム,https://www.tbs.co.jp/anime/matakoro/
また殺されてしまったのですね、探偵様,DMM TV,2026-04-07 00:00,ライデンフィルム,https://www.tbs.co.jp/anime/matakoro/
また殺されてしまったのですね、探偵様,Hulu,2026-04-07 00:00,ライデンフィルム,https://www.tbs.co.jp/anime/matakoro/
また殺されてしまったのですね、探偵様,Lemino,2026-04-07 00:00,ライデンフィルム,https://www.tbs.co.jp/anime/matakoro/
また殺されてしまったのですね、探偵様,FOD,2026-04-07 00:00,ライデンフィルム,https://www.tbs.co.jp/anime/matakoro/
最強の職業は勇者でも賢者でもなく鑑定士（仮）らしいですよ？,ABEMA,2026-04-01 00:00,スタジオフラッド,https://kanteishikari-anime.com/
最強の職業は勇者でも賢者でもなく鑑定士（仮）らしいですよ？,dアニメストア,2026-04-01 00:00,スタジオフラッド,https://kanteishikari-anime.com/
最強の職業は勇者でも賢者でもなく鑑定士（仮）らしいですよ？,DMM TV,2026-04-04 22:00,スタジオフラッド,https://kanteishikari-anime.com/
最強の職業は勇者でも賢者でもなく鑑定士（仮）らしいですよ？,Hulu,2026-04-04 22:00,スタジオフラッド,https://kanteishikari-anime.com/
最強の職業は勇者でも賢者でもなく鑑定士（仮）らしいですよ？,AnimeFesta,2026-04-04 22:30,スタジオフラッド,https://kanteishikari-anime.com/
カナン様はあくまでチョロい,U-NEXT,2026-04-04 01:00,スタジオKAI,https://kanachoro-anime.com/
カナン様はあくまでチョロい,アニメ放題,2026-04-04 01:00,スタジオKAI,https://kanachoro-anime.com/
カナン様はあくまでチョロい,dアニメストア,2026-04-04 02:40,スタジオKAI,https://kanachoro-anime.com/
カナン様はあくまでチョロい,Hulu,2026-04-07 01:00,スタジオKAI,https://kanachoro-anime.com/
カナン様はあくまでチョロい,Lemino,2026-04-16 00:00,スタジオKAI,https://kanachoro-anime.com/
カナン様はあくまでチョロい,アニメタイムズ,2026-04-16 00:00,スタジオKAI,https://kanachoro-anime.com/
ポンコツ風紀委員とスカート丈が不適切なJKの話,dアニメストア,2026-04-06 00:00,ゼロジー,https://ponsuka.com/
ポンコツ風紀委員とスカート丈が不適切なJKの話,Prime Video,2026-04-06 00:00,ゼロジー,https://ponsuka.com/
ポンコツ風紀委員とスカート丈が不適切なJKの話,dアニメストア for Prime Video,2026-04-06 00:00,ゼロジー,https://ponsuka.com/
ポンコツ風紀委員とスカート丈が不適切なJKの話,アニメタイムズ,2026-04-06 00:00,ゼロジー,https://ponsuka.com/
ポンコツ風紀委員とスカート丈が不適切なJKの話,U-NEXT,2026-04-07 00:00,ゼロジー,https://ponsuka.com/
ポンコツ風紀委員とスカート丈が不適切なJKの話,アニメ放題,2026-04-07 00:00,ゼロジー,https://ponsuka.com/
ポンコツ風紀委員とスカート丈が不適切なJKの話,ABEMA,2026-04-11 00:00,ゼロジー,https://ponsuka.com/
ポンコツ風紀委員とスカート丈が不適切なJKの話,FOD,2026-04-11 00:00,ゼロジー,https://ponsuka.com/
ポンコツ風紀委員とスカート丈が不適切なJKの話,バンダイチャンネル,2026-04-13 00:00,ゼロジー,https://ponsuka.com/
ゴーストコンサート : missing Songs,Hulu,2026-04-05 00:30,ENGI,https://ghostconcert-anime.com/
ゴーストコンサート : missing Songs,U-NEXT,2026-04-05 00:30,ENGI,https://ghostconcert-anime.com/
ゴーストコンサート : missing Songs,アニメ放題,2026-04-05 00:30,ENGI,https://ghostconcert-anime.com/
LIAR GAME -ライアーゲーム-,ABEMA,2026-03-31 00:30,マッドハウス,https://www.liargame-anime.com/
レプリカだって、恋をする。,ABEMA,2026-04-07 00:00,Voil,https://replico.jp/
レプリカだって、恋をする。,dアニメストア,2026-04-07 00:00,Voil,https://replico.jp/
レプリカだって、恋をする。,U-NEXT,2026-04-07 00:00,Voil,https://replico.jp/
レプリカだって、恋をする。,アニメ放題,2026-04-12 00:00,Voil,https://replico.jp/
レプリカだって、恋をする。,Prime Video,2026-04-12 00:00,Voil,https://replico.jp/
クラスで2番目に可愛い女の子と友だちになった,dアニメストア,2026-04-07 00:00,CONNECT,https://kuranika.asmik-ace.co.jp/
クラスで2番目に可愛い女の子と友だちになった,アニメ放題,2026-04-07 00:00,CONNECT,https://kuranika.asmik-ace.co.jp/
クラスで2番目に可愛い女の子と友だちになった,Prime Video,2026-04-11 00:00,CONNECT,https://kuranika.asmik-ace.co.jp/
クラスで2番目に可愛い女の子と友だちになった,ABEMA,2026-04-11 00:00,CONNECT,https://kuranika.asmik-ace.co.jp/
クラスで2番目に可愛い女の子と友だちになった,DMM TV,2026-04-11 00:00,CONNECT,https://kuranika.asmik-ace.co.jp/
クラスで2番目に可愛い女の子と友だちになった,FOD,2026-04-11 00:00,CONNECT,https://kuranika.asmik-ace.co.jp/
愛してるゲームを終わらせたい,ABEMA,2026-04-14 23:30,Felix Film,https://www.aishiteru-game.com/
愛してるゲームを終わらせたい,dアニメストア,2026-04-14 23:30,Felix Film,https://www.aishiteru-game.com/
愛してるゲームを終わらせたい,アニメタイムズ,2026-04-14 23:30,Felix Film,https://www.aishiteru-game.com/
愛してるゲームを終わらせたい,AnimeFesta,2026-04-19 23:30,Felix Film,https://www.aishiteru-game.com/
愛してるゲームを終わらせたい,アニメ放題,2026-04-19 23:30,Felix Film,https://www.aishiteru-game.com/
愛してるゲームを終わらせたい,FOD,2026-04-19 23:30,Felix Film,https://www.aishiteru-game.com/
転生したらスライムだった件 第4期,Prime Video,2024-03-30 23:00,エイトビット,https://www.ten-sura.com/anime/tensura
転生したらスライムだった件 第4期,Netflix,2024-03-30 23:00,エイトビット,https://www.ten-sura.com/anime/tensura
転生したらスライムだった件 第4期,Disney+（ディズニープラス）,2024-03-30 23:00,エイトビット,https://www.ten-sura.com/anime/tensura
転生したらスライムだった件 第4期,U-NEXT,2024-03-30 23:00,エイトビット,https://www.ten-sura.com/anime/tensura
転生したらスライムだった件 第4期,ABEMA,2024-04-03 00:00,エイトビット,https://www.ten-sura.com/anime/tensura
転生したらスライムだった件 第4期,アニメ放題,2026-04-04 23:00,エイトビット,https://www.ten-sura.com/anime/tensura
とんがり帽子のアトリエ,ABEMA,2026-04-06 23:00,BUG FILMS,https://tongari-anime.com/
とんがり帽子のアトリエ,Netflix,2026-04-06 23:00,BUG FILMS,https://tongari-anime.com/
とんがり帽子のアトリエ,Prime Video,2026-04-06 23:00,BUG FILMS,https://tongari-anime.com/
とんがり帽子のアトリエ,dアニメストア,2026-04-06 23:00,BUG FILMS,https://tongari-anime.com/
Re:ゼロから始める異世界生活 4th season 喪失編,U-NEXT,2026-03-31 22:30,WHITE FOX,https://re-zero-anime.jp/tv/
Re:ゼロから始める異世界生活 4th season 喪失編,ABEMA,2026-04-08 02:58,WHITE FOX,https://re-zero-anime.jp/tv/
Re:ゼロから始める異世界生活 4th season 喪失編,dアニメストア,2026-04-08 02:58,WHITE FOX,https://re-zero-anime.jp/tv/
よわよわ先生,dアニメストア,2026-04-11 00:00,ブレインズ・ベース,https://www.yowayowasensei-anime.com/
よわよわ先生,AnimeFesta,2026-04-11 00:00,ブレインズ・ベース,https://www.yowayowasensei-anime.com/
よわよわ先生,DMM TV,2026-04-11 00:00,ブレインズ・ベース,https://www.yowayowasensei-anime.com/
よわよわ先生,アニメタイムズ,2026-04-15 12:00,ブレインズ・ベース,https://www.yowayowasensei-anime.com/
彼女、お借りします 第5期,DMM TV,2026-04-08 10:00,トムス・エンタテインメント,https://kanokari-official.com/
彼女、お借りします 第5期,dアニメストア,2026-04-08 10:00,トムス・エンタテインメント,https://kanokari-official.com/
彼女、お借りします 第5期,ABEMA,2026-04-11 02:23,トムス・エンタテインメント,https://kanokari-official.com/
彼女、お借りします 第5期,U-NEXT,2026-04-11 02:23,トムス・エンタテインメント,https://kanokari-official.com/
彼女、お借りします 第5期,アニメ放題,2026-04-14 02:23,トムス・エンタテインメント,https://kanokari-official.com/
姫騎士は蛮族の嫁,dアニメストア,2026-03-31 22:30,寿門堂,https://himekishi-anime.com/
姫騎士は蛮族の嫁,U-NEXT,2026-03-31 22:30,寿門堂,https://himekishi-anime.com/
姫騎士は蛮族の嫁,ABEMA,2026-04-09 22:30,寿門堂,https://himekishi-anime.com/
黄泉のツガイ,ABEMA,2026-03-31 00:00,ボンズフィルム,https://yominotsugai.com/
黄泉のツガイ,dアニメストア,2026-03-31 00:00,ボンズフィルム,https://yominotsugai.com/
黄泉のツガイ,Prime Video,2026-03-31 00:00,ボンズフィルム,https://yominotsugai.com/
黄泉のツガイ,U-NEXT,2026-03-31 00:00,ボンズフィルム,https://yominotsugai.com/
黄泉のツガイ,アニメ放題,2026-03-31 00:00,ボンズフィルム,https://yominotsugai.com/
黄泉のツガイ,DMM TV,2026-03-31 00:00,ボンズフィルム,https://yominotsugai.com/
黄泉のツガイ,Hulu,2026-03-31 00:00,ボンズフィルム,https://yominotsugai.com/
黄泉のツガイ,FOD,2026-03-31 00:00,ボンズフィルム,https://yominotsugai.com/
黄泉のツガイ,Lemino,2026-03-31 00:00,ボンズフィルム,https://yominotsugai.com/
黄泉のツガイ,Netflix,2026-03-31 00:00,ボンズフィルム,https://yominotsugai.com/
黄泉のツガイ,AnimeFesta,2026-03-31 00:00,ボンズフィルム,https://yominotsugai.com/
クジマ歌えば家ほろろ,アニメ放題,2026-04-09 12:00,スタジオ雲雀,https://kujima-anime.com/
クジマ歌えば家ほろろ,U-NEXT,2026-04-09 16:30,スタジオ雲雀,https://kujima-anime.com/
キャンディーカリエス,ABEMA,2026-03-31 01:00,TORUKU from WIT STUDIO,https://www.candycaries.com/
キャンディーカリエス,DMM TV,2026-03-31 01:00,TORUKU from WIT STUDIO,https://www.candycaries.com/
キャンディーカリエス,dアニメストア,2026-03-31 01:00,TORUKU from WIT STUDIO,https://www.candycaries.com/
MAO,Hulu,2026-04-05 00:00,サンライズ,https://www.anime-mao.com/
MAO,アニメ放題,2026-04-05 00:00,サンライズ,https://www.anime-mao.com/
MAO,ABEMA,2026-04-05 00:00,サンライズ,https://www.anime-mao.com/
MAO,U-NEXT,2026-04-05 23:45,サンライズ,https://www.anime-mao.com/
MAO,FOD,2026-04-10 00:00,サンライズ,https://www.anime-mao.com/
MAO,バンダイチャンネル,2026-04-10 00:00,サンライズ,https://www.anime-mao.com/
MAO,Prime Video,2026-04-10 00:00,サンライズ,https://www.anime-mao.com/
MAO,Netflix,2026-04-10 00:00,サンライズ,https://www.anime-mao.com/
MAO,dアニメストア,2026-08-20 00:00,サンライズ,https://www.anime-mao.com/
MAO,DMM TV,2026-08-20 00:00,サンライズ,https://www.anime-mao.com/
魔入りました！入間くん 第4シリーズ,dアニメストア,2026-04-06 18:00,BN Pictures,https://www.nhk-character.com/chara/iruma/
魔入りました！入間くん 第4シリーズ,ABEMA,2026-04-06 19:00,BN Pictures,https://www.nhk-character.com/chara/iruma/
魔入りました！入間くん 第4シリーズ,DMM TV,2026-04-06 19:00,BN Pictures,https://www.nhk-character.com/chara/iruma/
魔法の姉妹ルルットリリィ,アニメ放題,2026-04-05 23:00,スタジオぴえろ,https://www.luluttolilly.com/
魔法の姉妹ルルットリリィ,ABEMA,2026-04-05 23:00,スタジオぴえろ,https://www.luluttolilly.com/
魔法の姉妹ルルットリリィ,FOD,2026-04-05 23:00,スタジオぴえろ,https://www.luluttolilly.com/
魔法の姉妹ルルットリリィ,バンダイチャンネル,2026-04-05 23:00,スタジオぴえろ,https://www.luluttolilly.com/
魔法の姉妹ルルットリリィ,Prime Video,2026-04-05 23:00,スタジオぴえろ,https://www.luluttolilly.com/
魔法の姉妹ルルットリリィ,U-NEXT,2026-04-05 23:00,スタジオぴえろ,https://www.luluttolilly.com/
淡島百景,dアニメストア,2026-04-09 00:00,マッドハウス,https://awajima-anime.com/
淡島百景,ABEMA,2026-04-09 02:15,マッドハウス,https://awajima-anime.com/
淡島百景,U-NEXT,2026-04-14 02:15,マッドハウス,https://awajima-anime.com/
リラックマ ～ごゆるり夢の旅～,ABEMA,2026-04-04 09:30,Production I.G,https://rilakkuma-anime.com/
リラックマ ～ごゆるり夢の旅～,Prime Video,2026-04-04 09:30,Production I.G,https://rilakkuma-anime.com/
リラックマ ～ごゆるり夢の旅～,DMM TV,2026-04-04 09:30,Production I.G,https://rilakkuma-anime.com/
リラックマ ～ごゆるり夢の旅～,dアニメストア,2026-04-04 09:30,Production I.G,https://rilakkuma-anime.com/
リラックマ ～ごゆるり夢の旅～,dアニメストア for Prime Video,2026-04-04 09:30,Production I.G,https://rilakkuma-anime.com/
リラックマ ～ごゆるり夢の旅～,バンダイチャンネル,2026-04-04 09:30,Production I.G,https://rilakkuma-anime.com/
女神「異世界転生何になりたいですか」俺「勇者の肋骨で」,Hulu,2026-03-31 00:00,Qzil.la,https://rokkotsu-anime.com/
女神「異世界転生何になりたいですか」俺「勇者の肋骨で」,dアニメストア,2026-04-07 15:00,Qzil.la,https://rokkotsu-anime.com/
女神「異世界転生何になりたいですか」俺「勇者の肋骨で」,ABEMA,2026-04-07 15:00,Qzil.la,https://rokkotsu-anime.com/
女神「異世界転生何になりたいですか」俺「勇者の肋骨で」,DMM TV,2026-04-12 00:00,Qzil.la,https://rokkotsu-anime.com/
女神「異世界転生何になりたいですか」俺「勇者の肋骨で」,AnimeFesta,2026-04-12 02:30,Qzil.la,https://rokkotsu-anime.com/
悲劇の元凶となる最強外道ラスボス女王は民の為に尽くします。Season２,ABEMA,2026-04-07 22:30,OLM TEAM YOSHIOKA,https://lastame.com/
おねがいアイプリ,Lemino,2026-03-31 10:00,OLM,https://aipri.jp/anime/special/onegai/
おねがいアイプリ,Prime Video,2026-03-31 17:00,OLM,https://aipri.jp/anime/special/onegai/
おねがいアイプリ,アニメタイムズ,2026-03-31 17:00,OLM,https://aipri.jp/anime/special/onegai/
おねがいアイプリ,dアニメストア,2026-03-31 17:00,OLM,https://aipri.jp/anime/special/onegai/
おねがいアイプリ,U-NEXT,2026-03-31 17:00,OLM,https://aipri.jp/anime/special/onegai/
杖と剣のウィストリア Season2,ABEMA,2026-04-05 17:30,BN Pictures,https://wistoria-anime.com/
杖と剣のウィストリア Season2,dアニメストア,2026-04-05 17:30,BN Pictures,https://wistoria-anime.com/
杖と剣のウィストリア Season2,U-NEXT,2026-04-05 17:30,BN Pictures,https://wistoria-anime.com/
杖と剣のウィストリア Season2,アニメ放題,2026-04-05 17:30,BN Pictures,https://wistoria-anime.com/
杖と剣のウィストリア Season2,DMM TV,2026-04-05 17:30,BN Pictures,https://wistoria-anime.com/
杖と剣のウィストリア Season2,Prime Video,2026-04-12 17:30,BN Pictures,https://wistoria-anime.com/
杖と剣のウィストリア Season2,Netflix,2026-04-17 17:30,BN Pictures,https://wistoria-anime.com/
杖と剣のウィストリア Season2,バンダイチャンネル,2026-04-17 17:30,BN Pictures,https://wistoria-anime.com/
杖と剣のウィストリア Season2,Hulu,2026-04-17 17:30,BN Pictures,https://wistoria-anime.com/
杖と剣のウィストリア Season2,FOD,2026-04-17 17:30,BN Pictures,https://wistoria-anime.com/
夜桜さんちの大作戦 第2期,アニメタイムズ,2026-03-31 16:00,SILVER LINK.,https://mission-yozakura-family.com/
夜桜さんちの大作戦 第2期,アニメ放題,2026-03-31 16:00,SILVER LINK.,https://mission-yozakura-family.com/
夜桜さんちの大作戦 第2期,バンダイチャンネル,2026-03-31 16:00,SILVER LINK.,https://mission-yozakura-family.com/
上伊那ぼたん、酔へる姿は百合の花,ABEMA,2026-04-10 00:00,ソワネ,https://kamiina-botan.com/
上伊那ぼたん、酔へる姿は百合の花,Netflix,2026-04-10 12:00,ソワネ,https://kamiina-botan.com/
上伊那ぼたん、酔へる姿は百合の花,Prime Video,2026-04-10 12:00,ソワネ,https://kamiina-botan.com/
上伊那ぼたん、酔へる姿は百合の花,dアニメストア,2026-04-10 12:00,ソワネ,https://kamiina-botan.com/
上伊那ぼたん、酔へる姿は百合の花,dアニメストア for Prime Video,2026-04-14 12:00,ソワネ,https://kamiina-botan.com/
神の庭付き楠木邸,ABEMA,2026-04-04 00:00,JUVENAGE,https://kusunokitei.com/
神の庭付き楠木邸,dアニメストア,2026-04-04 00:00,JUVENAGE,https://kusunokitei.com/
神の庭付き楠木邸,U-NEXT,2026-04-09 02:00,JUVENAGE,https://kusunokitei.com/
NEEDY GIRL OVERDOSE,ABEMA,2026-04-04 00:00,Yostar Pictures,https://needygirl-anime.com/
NEEDY GIRL OVERDOSE,dアニメストア,2026-04-04 12:00,Yostar Pictures,https://needygirl-anime.com/
NEEDY GIRL OVERDOSE,Prime Video,2026-04-04 12:00,Yostar Pictures,https://needygirl-anime.com/
NEEDY GIRL OVERDOSE,dアニメストア for Prime Video,2026-04-04 12:00,Yostar Pictures,https://needygirl-anime.com/
NEEDY GIRL OVERDOSE,FOD,2026-04-07 00:00,Yostar Pictures,https://needygirl-anime.com/
NEEDY GIRL OVERDOSE,Lemino,2026-04-07 00:00,Yostar Pictures,https://needygirl-anime.com/
NEEDY GIRL OVERDOSE,AnimeFesta,2026-04-07 00:00,Yostar Pictures,https://needygirl-anime.com/
NEEDY GIRL OVERDOSE,アニメタイムズ,2026-04-07 00:00,Yostar Pictures,https://needygirl-anime.com/
NEEDY GIRL OVERDOSE,U-NEXT,2026-04-07 12:00,Yostar Pictures,https://needygirl-anime.com/
NEEDY GIRL OVERDOSE,アニメ放題,2026-04-07 12:00,Yostar Pictures,https://needygirl-anime.com/
神の雫,Hulu,2026-01-23 00:00,サテライト,https://dropsofgod-anime.com/
神の雫,アニメタイムズ,2026-04-10 00:00,サテライト,https://dropsofgod-anime.com/
神の雫,Lemino,2026-04-10 00:00,サテライト,https://dropsofgod-anime.com/
神の雫,ABEMA,2026-04-15 00:30,サテライト,https://dropsofgod-anime.com/
神の雫,アニメ放題,2026-04-15 00:30,サテライト,https://dropsofgod-anime.com/
神の雫,バンダイチャンネル,2026-04-15 00:30,サテライト,https://dropsofgod-anime.com/
神の雫,dアニメストア,2026-04-15 00:30,サテライト,https://dropsofgod-anime.com/
神の雫,DMM TV,2026-04-15 00:30,サテライト,https://dropsofgod-anime.com/
神の雫,Prime Video,2026-04-15 00:30,サテライト,https://dropsofgod-anime.com/
神の雫,U-NEXT,2026-04-15 00:30,サテライト,https://dropsofgod-anime.com/
逃がした魚は大きかったが釣りあげた魚が大きすぎた件,dアニメストア,2026-04-01 00:30,TROYCA,https://nigetsuri-anime.com/
逃がした魚は大きかったが釣りあげた魚が大きすぎた件,U-NEXT,2026-04-01 00:30,TROYCA,https://nigetsuri-anime.com/
逃がした魚は大きかったが釣りあげた魚が大きすぎた件,アニメ放題,2026-04-01 00:30,TROYCA,https://nigetsuri-anime.com/
逃がした魚は大きかったが釣りあげた魚が大きすぎた件,ABEMA,2026-04-01 00:30,TROYCA,https://nigetsuri-anime.com/
逃がした魚は大きかったが釣りあげた魚が大きすぎた件,バンダイチャンネル,2026-04-02 23:00,TROYCA,https://nigetsuri-anime.com/
逃がした魚は大きかったが釣りあげた魚が大きすぎた件,Lemino,2026-04-02 23:00,TROYCA,https://nigetsuri-anime.com/
逃がした魚は大きかったが釣りあげた魚が大きすぎた件,FOD,2026-04-02 23:00,TROYCA,https://nigetsuri-anime.com/
ダイヤのA actⅡ -Second Season-,dアニメストア,2026-03-31 21:00,OLM,https://diaace.com
ダイヤのA actⅡ -Second Season-,Netflix,2026-04-05 21:00,OLM,https://diaace.com
ダイヤのA actⅡ -Second Season-,DMM TV,2026-04-05 21:00,OLM,https://diaace.com
インゴクダンチ,AnimeFesta,2026-04-05 01:10,Elias,https://ingoku-danchi.deregula.com/
インゴクダンチ,アニメタイムズ,2026-04-05 01:10,Elias,https://ingoku-danchi.deregula.com/
インゴクダンチ,ABEMA,2026-04-05 01:10,Elias,https://ingoku-danchi.deregula.com/
インゴクダンチ,dアニメストア,2026-04-08 01:10,Elias,https://ingoku-danchi.deregula.com/
インゴクダンチ,U-NEXT,2026-04-08 01:10,Elias,https://ingoku-danchi.deregula.com/
インゴクダンチ,アニメ放題,2026-04-08 01:10,Elias,https://ingoku-danchi.deregula.com/
一畳間まんきつ暮らし！,ABEMA,2026-04-11 02:00,ピー・アール・エー,https://ichijyoma-anime.com/
一畳間まんきつ暮らし！,Prime Video,2026-04-11 02:00,ピー・アール・エー,https://ichijyoma-anime.com/
一畳間まんきつ暮らし！,dアニメストア,2026-04-11 17:00,ピー・アール・エー,https://ichijyoma-anime.com/
一畳間まんきつ暮らし！,DMM TV,2026-04-14 02:00,ピー・アール・エー,https://ichijyoma-anime.com/
一畳間まんきつ暮らし！,FOD,2026-04-14 02:00,ピー・アール・エー,https://ichijyoma-anime.com/
一畳間まんきつ暮らし！,Hulu,2026-04-14 02:00,ピー・アール・エー,https://ichijyoma-anime.com/
オタクに優しいギャルはいない!?,アニメタイムズ,2026-04-08 00:15,トムス・エンタテインメント／第6スタジオ,https://otagal.jp/
オタクに優しいギャルはいない!?,dアニメストア,2026-04-08 16:00,トムス・エンタテインメント／第6スタジオ,https://otagal.jp/
オタクに優しいギャルはいない!?,Lemino,2026-04-11 00:00,トムス・エンタテインメント／第6スタジオ,https://otagal.jp/
オタクに優しいギャルはいない!?,U-NEXT,2026-04-11 00:00,トムス・エンタテインメント／第6スタジオ,https://otagal.jp/
オタクに優しいギャルはいない!?,アニメ放題,2026-04-11 00:00,トムス・エンタテインメント／第6スタジオ,https://otagal.jp/
オタクに優しいギャルはいない!?,Hulu,2026-04-11 00:15,トムス・エンタテインメント／第6スタジオ,https://otagal.jp/
ただいま、おじゃまされます！,ABEMA,2026-03-31 00:00,タツノコプロ,https://www.tadaoja-anime.com/
ただいま、おじゃまされます！,Prime Video,2026-03-31 00:00,タツノコプロ,https://www.tadaoja-anime.com/
ただいま、おじゃまされます！,アニメ放題,2026-03-31 00:00,タツノコプロ,https://www.tadaoja-anime.com/
ただいま、おじゃまされます！,アニメタイムズ,2026-03-31 00:00,タツノコプロ,https://www.tadaoja-anime.com/
ただいま、おじゃまされます！,バンダイチャンネル,2026-03-31 00:00,タツノコプロ,https://www.tadaoja-anime.com/
ただいま、おじゃまされます！,Hulu,2026-04-08 01:59,タツノコプロ,https://www.tadaoja-anime.com/
霧尾ファンクラブ,ABEMA,2026-04-02 01:00,サテライト,https://kirio-fc.com/
左ききのエレン,Prime Video,2026-04-07 00:00,シグナル・エムディ,https://eren-anime.com/
左ききのエレン,dアニメストア,2026-04-07 00:30,シグナル・エムディ,https://eren-anime.com/
